<?xml version="1.0" encoding="UTF-8" ?>
<!DOCTYPE struts PUBLIC "-//Apache Software Foundation//DTD Struts Configuration 2.1//EN" "http://struts.apache.org/dtds/struts-2.1.dtd">
<struts>
	<package name="register" extends="struts-default" namespace="/">
		<action name="register" class="register.Register" method="add">
			<result name="success">
				/register_success.jsp
			</result>
			<result name="fail">
				/register_fail.jsp
			</result>
		</action>
	</package>

	<package name="login" extends="struts-default" namespace="/">
		<action name="login" class="login.Login" method="login">
			<result name="success">
				/login_success.jsp
			</result>
			<result name="fail_non">
				/login_fail_non.jsp
			</result>
			<result name="fail">
				/login_fail.jsp
			</result>
		</action>
	</package>

	<package name="tb" namespace="/" extends="struts-default">
		<action name="UploadAction" class="tb.UploadAction">
			<result name="success">/itemlist.jsp</result>
		</action>
	</package>

	<package name="showDetails" extends="struts-default">

		<action name="list" class="showDetails.Curd" method="getAllCurds">
			<result name="success">/itemlist.jsp</result>
		</action>

		<action name="delete" class="showDetails.Curd" method="delete">
			<result name="success">/itemlist.jsp</result>
		</action>

		<action name="add" class="showDetails.Curd" method="add">
			<result name="success">/itemlist.jsp</result>
		</action>

		<action name="edit" class="showDetails.Curd" method="edit">
			<result name="success">/itemlist.jsp</result>
		</action>

		<action name="search" class="showDetails.Curd" method="search">
			<result name="success">/search.jsp</result>
		</action>

	</package>


</struts>    
